Artist Concentration Index,Unique Artists,Collaboration Ratio,Explicit Ratio,Single Ratio
0.010362574449731564,366,0.016705235753543535,0.36917847844952273,0.6417594735319642
